<?xml version="1.0" encoding="UTF-8"?>
<BaliMessageLog>
    <Task name="Map">
        <Message>
            <ID>1100644</ID>
            <Severity>Warning</Severity>
            <Dynamic>C:/Firmware/P3050FG/P3050FG.lpf(47): Semantic error in &quot;IOBUF PORT &quot;UPLOAD&quot; IO_TYPE=LVCMOS33 PULLMODE=UP ;&quot;: </Dynamic>
            <Dynamic>UPLOAD</Dynamic>
            <Navigation>C:/Firmware/P3050FG/P3050FG.lpf</Navigation>
            <Navigation>47</Navigation>
        </Message>
        <Message>
            <ID>1100644</ID>
            <Severity>Warning</Severity>
            <Dynamic>C:/Firmware/P3050FG/P3050FG.lpf(48): Semantic error in &quot;IOBUF PORT &quot;ACTIV&quot; IO_TYPE=LVCMOS33 PULLMODE=UP ;&quot;: </Dynamic>
            <Dynamic>ACTIV</Dynamic>
            <Navigation>C:/Firmware/P3050FG/P3050FG.lpf</Navigation>
            <Navigation>48</Navigation>
        </Message>
        <Message>
            <ID>1100644</ID>
            <Severity>Warning</Severity>
            <Dynamic>C:/Firmware/P3050FG/P3050FG.lpf(49): Semantic error in &quot;IOBUF PORT &quot;EMPTY&quot; IO_TYPE=LVCMOS33 PULLMODE=UP ;&quot;: </Dynamic>
            <Dynamic>EMPTY</Dynamic>
            <Navigation>C:/Firmware/P3050FG/P3050FG.lpf</Navigation>
            <Navigation>49</Navigation>
        </Message>
        <Message>
            <ID>1166064</ID>
            <Severity>Warning</Severity>
            <Dynamic>input</Dynamic>
            <Dynamic>UPLOAD</Dynamic>
        </Message>
        <Message>
            <ID>1166064</ID>
            <Severity>Warning</Severity>
            <Dynamic>input</Dynamic>
            <Dynamic>EMPTY</Dynamic>
        </Message>
        <Message>
            <ID>1166064</ID>
            <Severity>Warning</Severity>
            <Dynamic>input</Dynamic>
            <Dynamic>ACTIV</Dynamic>
        </Message>
        <Message>
            <ID>51001046</ID>
            <Severity>Warning</Severity>
            <Dynamic>UPLOAD</Dynamic>
        </Message>
        <Message>
            <ID>51001046</ID>
            <Severity>Warning</Severity>
            <Dynamic>EMPTY</Dynamic>
        </Message>
        <Message>
            <ID>51001046</ID>
            <Severity>Warning</Severity>
            <Dynamic>ACTIV</Dynamic>
        </Message>
    </Task>
    <Task name="Lattice_Synthesis">
        <Message>
            <ID>35002000</ID>
            <Severity>Info</Severity>
        </Message>
        <Message>
            <ID>35001781</ID>
            <Severity>Info</Severity>
        </Message>
        <Message>
            <ID>35921504</ID>
            <Severity>Info</Severity>
            <Dynamic></Dynamic>
            <Dynamic>C:/Firmware/P3050FG/impl1</Dynamic>
        </Message>
        <Message>
            <ID>35921012</ID>
            <Severity>Info</Severity>
            <Dynamic>c:/firmware/p3050fg/daq_ram.vhd(14): </Dynamic>
            <Dynamic>daq_ram</Dynamic>
            <Navigation>c:/firmware/p3050fg/daq_ram.vhd</Navigation>
            <Navigation>14</Navigation>
        </Message>
        <Message>
            <ID>35921010</ID>
            <Severity>Info</Severity>
            <Dynamic>c:/firmware/p3050fg/daq_ram.vhd(28): </Dynamic>
            <Dynamic>structure</Dynamic>
            <Navigation>c:/firmware/p3050fg/daq_ram.vhd</Navigation>
            <Navigation>28</Navigation>
        </Message>
        <Message>
            <ID>35921012</ID>
            <Severity>Info</Severity>
            <Dynamic>c:/firmware/p3050fg/daq_ram.vhd(14): </Dynamic>
            <Dynamic>daq_ram</Dynamic>
            <Navigation>c:/firmware/p3050fg/daq_ram.vhd</Navigation>
            <Navigation>14</Navigation>
        </Message>
        <Message>
            <ID>35921010</ID>
            <Severity>Info</Severity>
            <Dynamic>c:/firmware/p3050fg/daq_ram.vhd(28): </Dynamic>
            <Dynamic>structure</Dynamic>
            <Navigation>c:/firmware/p3050fg/daq_ram.vhd</Navigation>
            <Navigation>28</Navigation>
        </Message>
        <Message>
            <ID>35921012</ID>
            <Severity>Info</Severity>
            <Dynamic>c:/firmware/p3050fg/main.vhd(10): </Dynamic>
            <Dynamic>main</Dynamic>
            <Navigation>c:/firmware/p3050fg/main.vhd</Navigation>
            <Navigation>10</Navigation>
        </Message>
        <Message>
            <ID>35921010</ID>
            <Severity>Info</Severity>
            <Dynamic>c:/firmware/p3050fg/main.vhd(105): </Dynamic>
            <Dynamic>behavior</Dynamic>
            <Navigation>c:/firmware/p3050fg/main.vhd</Navigation>
            <Navigation>105</Navigation>
        </Message>
        <Message>
            <ID>35921303</ID>
            <Severity>Warning</Severity>
            <Dynamic>c:/firmware/p3050fg/main.vhd(85): </Dynamic>
            <Dynamic>'U'</Dynamic>
            <Dynamic>reset</Dynamic>
            <Navigation>c:/firmware/p3050fg/main.vhd</Navigation>
            <Navigation>85</Navigation>
        </Message>
        <Message>
            <ID>35921251</ID>
            <Severity>Warning</Severity>
            <Dynamic>c:/firmware/p3050fg/main.vhd(129): </Dynamic>
            <Dynamic>fck</Dynamic>
            <Navigation>c:/firmware/p3050fg/main.vhd</Navigation>
            <Navigation>129</Navigation>
        </Message>
        <Message>
            <ID>35921613</ID>
            <Severity>Warning</Severity>
            <Dynamic>c:/firmware/p3050fg/main.vhd(131): </Dynamic>
            <Navigation>c:/firmware/p3050fg/main.vhd</Navigation>
            <Navigation>131</Navigation>
        </Message>
        <Message>
            <ID>35921251</ID>
            <Severity>Warning</Severity>
            <Dynamic>c:/firmware/p3050fg/main.vhd(140): </Dynamic>
            <Dynamic>cont_addr</Dynamic>
            <Navigation>c:/firmware/p3050fg/main.vhd</Navigation>
            <Navigation>140</Navigation>
        </Message>
        <Message>
            <ID>35921251</ID>
            <Severity>Warning</Severity>
            <Dynamic>c:/firmware/p3050fg/main.vhd(142): </Dynamic>
            <Dynamic>hwreset</Dynamic>
            <Navigation>c:/firmware/p3050fg/main.vhd</Navigation>
            <Navigation>142</Navigation>
        </Message>
        <Message>
            <ID>35921613</ID>
            <Severity>Warning</Severity>
            <Dynamic>c:/firmware/p3050fg/main.vhd(253): </Dynamic>
            <Navigation>c:/firmware/p3050fg/main.vhd</Navigation>
            <Navigation>253</Navigation>
        </Message>
        <Message>
            <ID>35921251</ID>
            <Severity>Warning</Severity>
            <Dynamic>c:/firmware/p3050fg/main.vhd(260): </Dynamic>
            <Dynamic>not_reset</Dynamic>
            <Navigation>c:/firmware/p3050fg/main.vhd</Navigation>
            <Navigation>260</Navigation>
        </Message>
        <Message>
            <ID>35921251</ID>
            <Severity>Warning</Severity>
            <Dynamic>c:/firmware/p3050fg/main.vhd(260): </Dynamic>
            <Dynamic>rstcd1</Dynamic>
            <Navigation>c:/firmware/p3050fg/main.vhd</Navigation>
            <Navigation>260</Navigation>
        </Message>
        <Message>
            <ID>35921251</ID>
            <Severity>Warning</Severity>
            <Dynamic>c:/firmware/p3050fg/main.vhd(260): </Dynamic>
            <Dynamic>hwreset</Dynamic>
            <Navigation>c:/firmware/p3050fg/main.vhd</Navigation>
            <Navigation>260</Navigation>
        </Message>
        <Message>
            <ID>35921613</ID>
            <Severity>Warning</Severity>
            <Dynamic>c:/firmware/p3050fg/main.vhd(270): </Dynamic>
            <Navigation>c:/firmware/p3050fg/main.vhd</Navigation>
            <Navigation>270</Navigation>
        </Message>
        <Message>
            <ID>35921251</ID>
            <Severity>Warning</Severity>
            <Dynamic>c:/firmware/p3050fg/main.vhd(276): </Dynamic>
            <Dynamic>not_reset</Dynamic>
            <Navigation>c:/firmware/p3050fg/main.vhd</Navigation>
            <Navigation>276</Navigation>
        </Message>
        <Message>
            <ID>35921251</ID>
            <Severity>Warning</Severity>
            <Dynamic>c:/firmware/p3050fg/main.vhd(276): </Dynamic>
            <Dynamic>rstcd2</Dynamic>
            <Navigation>c:/firmware/p3050fg/main.vhd</Navigation>
            <Navigation>276</Navigation>
        </Message>
        <Message>
            <ID>35921251</ID>
            <Severity>Warning</Severity>
            <Dynamic>c:/firmware/p3050fg/main.vhd(276): </Dynamic>
            <Dynamic>hwreset</Dynamic>
            <Navigation>c:/firmware/p3050fg/main.vhd</Navigation>
            <Navigation>276</Navigation>
        </Message>
        <Message>
            <ID>35921613</ID>
            <Severity>Warning</Severity>
            <Dynamic>c:/firmware/p3050fg/main.vhd(286): </Dynamic>
            <Navigation>c:/firmware/p3050fg/main.vhd</Navigation>
            <Navigation>286</Navigation>
        </Message>
        <Message>
            <ID>35921205</ID>
            <Severity>Warning</Severity>
            <Dynamic>c:/firmware/p3050fg/main.vhd(102): </Dynamic>
            <Dynamic>main</Dynamic>
            <Dynamic>behavior</Dynamic>
            <Navigation>c:/firmware/p3050fg/main.vhd</Navigation>
            <Navigation>102</Navigation>
        </Message>
        <Message>
            <ID>35002005</ID>
            <Severity>Warning</Severity>
            <Dynamic>UPLOAD</Dynamic>
        </Message>
        <Message>
            <ID>35002005</ID>
            <Severity>Warning</Severity>
            <Dynamic>EMPTY</Dynamic>
        </Message>
        <Message>
            <ID>35002005</ID>
            <Severity>Warning</Severity>
            <Dynamic>ACTIV</Dynamic>
        </Message>
        <Message>
            <ID>35002005</ID>
            <Severity>Warning</Severity>
            <Dynamic>UPLOAD</Dynamic>
        </Message>
        <Message>
            <ID>35002005</ID>
            <Severity>Warning</Severity>
            <Dynamic>EMPTY</Dynamic>
        </Message>
        <Message>
            <ID>35002005</ID>
            <Severity>Warning</Severity>
            <Dynamic>ACTIV</Dynamic>
        </Message>
        <Message>
            <ID>35001611</ID>
            <Severity>Warning</Severity>
        </Message>
        <Message>
            <ID>1166052</ID>
            <Severity>Warning</Severity>
            <Dynamic>logical</Dynamic>
            <Dynamic>UPLOAD</Dynamic>
            <Navigation>UPLOAD</Navigation>
        </Message>
        <Message>
            <ID>1166064</ID>
            <Severity>Warning</Severity>
            <Dynamic>input</Dynamic>
            <Dynamic>UPLOAD</Dynamic>
        </Message>
        <Message>
            <ID>1166052</ID>
            <Severity>Warning</Severity>
            <Dynamic>logical</Dynamic>
            <Dynamic>EMPTY</Dynamic>
            <Navigation>EMPTY</Navigation>
        </Message>
        <Message>
            <ID>1166064</ID>
            <Severity>Warning</Severity>
            <Dynamic>input</Dynamic>
            <Dynamic>EMPTY</Dynamic>
        </Message>
        <Message>
            <ID>1166052</ID>
            <Severity>Warning</Severity>
            <Dynamic>logical</Dynamic>
            <Dynamic>ACTIV</Dynamic>
            <Navigation>ACTIV</Navigation>
        </Message>
        <Message>
            <ID>1166064</ID>
            <Severity>Warning</Severity>
            <Dynamic>input</Dynamic>
            <Dynamic>ACTIV</Dynamic>
        </Message>
        <Message>
            <ID>1163101</ID>
            <Severity>Warning</Severity>
            <Dynamic>6</Dynamic>
        </Message>
    </Task>
</BaliMessageLog>