<?xml version="1.0" encoding="UTF-8"?>
<userSetting name="C:/Firmware/P3050FG/promote.xml" version="Diamond (64-bit) 3.12.0.240.2" date="Tue Jan 16 16:41:30 2024" vendor="Lattice Semiconductor Corporation" >
  <msg mid="35921504" type="Info" />
  <msg mid="35931002" type="Warning" />
  <msg mid="35921296" type="Error" />
  <msg mid="35921205" type="Warning" />
  <msg mid="35921077" type="Error" />
  <msg mid="35921052" type="Error" />
  <msg mid="35921128" type="Error" />
  <msg mid="35921251" type="Warning" />
  <msg mid="35921196" type="Warning" />
  <msg mid="35921303" type="Warning" />
  <msg mid="35921613" type="Warning" />
</userSetting>
